0.0796809988096356;0.910416244063526;0.838024232536554;-0.222248473204672
-0.400976743083447;-0.549312107264996;-0.55006186151877;0.754649778828025
0.449384422041476;0.661145168356597;0.0288999858312309;0.602931295521557
-0.295886707026511;0.108818732667714;-0.889629002194852;0.674439139198512
0.241911484394222;0.905906348023564;0.439405531156808;0.457678478211164
-0.642700115218759;0.730464596766979;-0.218978186603636;0.983456620480865
0.0715920119546354;-0.569395013619214;0.321764814201742;-0.231911281123757
-0.947851864155382;-0.0324399848468602;0.837078413460404;-0.737491879612207
-0.654454436153173;0.582807514816523;0.33214442897588;0.637323922477663
-0.00221964716911316;-0.535343314521015;-0.0356415961869061;0.882776465732604
0.82538074394688;0.528004771098495;0.701040606014431;-0.560771203134209
-0.946704276371747;0.35412963712588;0.715912373270839;-0.0671010874211788
0.555534976534545;0.858573309611529;-0.115741423796862;-0.0790855931118131
0.800137042999268;0.0496498388238251;0.824185110162944;0.158570984378457
-0.405128653626889;-0.490859172772616;-0.580915354192257;-0.429084433242679
-0.946122312918305;0.0921707819215953;-0.190617044456303;-0.483310669660568
0.67529003880918;0.103704262524843;-0.0809329873882234;-0.0733144376426935
-0.866048827767372;-0.0934003670699894;0.365795978344977;-0.463364909403026
-0.515557947568595;0.379453183617443;0.496432724874467;-0.86573940096423
0.245906059630215;-0.217200864572078;-0.89909481909126;0.435245703905821
-0.898340506944805;-0.474449913483113;-0.987335268873721;-0.693747845478356
-0.0470897969789803;-0.859879442024976;0.961311048362404;0.682512550149113
0.294242293573916;0.182111585978419;-0.462500751018524;-0.753649192396551
-0.143708407878876;-0.124056968837976;-0.710714868269861;-0.130995948333293
0.460190894082189;0.290144850499928;0.829904783517122;0.133609800133854
0.0800658566877246;-0.960927181877196;-0.180169092491269;-0.320076534990221
-0.979090015403926;0.578133771196008;-0.349969358183444;-0.11401652591303
-0.307499359827489;-0.617812117096037;-0.344024588819593;-0.996409229468554
-0.37267634505406;-0.0272267903201282;0.933186247479171;0.0229640076868236
0.931407887022942;0.346742512192577;-0.393252117093652;-0.30695673590526
-0.0438907411880791;0.756484175100923;-0.882020748220384;-0.366480988450348
-0.586737524252385;-0.59188076807186;-0.780676341149956;-0.0499410098418593
0.68061660695821;-0.656803033314645;-0.457724031992257;0.264850789215416
-0.128312564920634;-0.321042110212147;-0.552032009698451;-0.0407147058285773
-0.0925417025573552;0.201390911825001;0.746664740145206;-0.578479991760105
-0.0482499217614532;0.435313571244478;-0.821251167915761;0.970210833009332
0.914077859837562;-0.433426890522242;-0.334054849110544;0.986259561963379
0.0388836837373674;0.143210913985968;0.719347539357841;0.611545637715608
-0.283474666532129;0.692800959572196;-0.21922107366845;-0.459649996366352
0.616468549706042;-0.418418613728136;0.747288644313812;0.000666569918394089
-0.401190236676484;0.538325377274305;-0.431840468663722;-0.503623799420893
0.11247116047889;0.984119485598058;-0.711246357765049;-0.461993569508195
0.590870772022754;-0.601913792081177;0.888511238154024;0.38800751324743
0.82022090209648;-0.934032503515482;0.181399992667139;0.126228015869856
-0.963048383593559;-0.53728582104668;0.35242983372882;0.620909905992448
0.104377597104758;-0.509410853032023;-0.419584778137505;0.476659331936389
0.272750682663172;0.520344851072878;-0.929311681073159;0.0033448850736022
-0.00793457543477416;-0.221997148357332;0.414660295005888;0.738626351114362
0.877261768095195;0.573664641007781;0.076816048938781;-0.159075715579093
-0.93014847766608;-0.519155392423272;0.17390494979918;-0.92239997908473
-0.412925560027361;-0.285143576096743;-0.891805335413665;-0.0800078203901649
0.336953267455101;-0.887872419320047;0.913279584143311;-0.263708401937038
-0.752390139270574;0.520151398144662;0.370176921132952;0.20812562527135
0.311697943136096;-0.710162304341793;-0.301722714677453;-0.612538785673678
-0.151967639103532;-0.0471212011761963;0.742714547552168;0.726001325063407
0.584265302401036;0.283575356472284;0.842854976188391;0.535620695911348
0.249563496094197;-0.656203103717417;0.0156489131040871;-0.666928144637495
-0.790172785520554;-0.208300776779652;-0.089055887889117;0.700933442916721
-0.214423664379865;0.564319748897105;0.708222525659949;0.0845488677732646
-0.252301117405295;0.0507149831391871;-0.862051947973669;-0.915290404111147
0.449799356050789;-0.916036865673959;-0.540596021339297;0.738535217940807
-0.885325932875276;-0.540819184854627;-0.274563180748373;0.916703307069838
0.317332816310227;-0.97191176423803;-0.039347848854959;-0.0614045006223023
0.0559564456343651;-0.593451838940382;0.227871032897383;-0.0644268896430731
0.848745014052838;0.320306428242475;-0.156323720235378;0.286043798550963
0.0862054820172489;0.070519398432225;-0.322114676237106;-0.057814440689981
0.528159243520349;0.29910167073831;0.588823951315135;-0.0751292426139116
-0.882195867132396;-0.740170524921268;0.236271400004625;0.890108217485249
0.911167655140162;-0.782428671140224;0.537521041929722;-0.237275693099946
-0.0529770171269774;0.0281073581427336;-0.266449887771159;0.44776370190084
0.323905155062675;-0.213956234976649;0.917746997438371;-0.141744467895478
0.62979225255549;0.393894457258284;0.233385852072388;0.731414151377976
0.0416235411539674;-0.154194720555097;-0.449697531294078;0.633198797702789
-0.329045587684959;0.712818528991193;-0.379237454850227;-0.44189863698557
-0.926690612919629;0.228706607129425;0.680611111223698;-0.761953243985772
-0.536505284719169;-0.00746067333966494;-0.605729863513261;-0.491073791868985
-0.862883389461786;0.698857559356838;0.846094531938434;-0.0624905447475612
-0.936251703184098;-0.460841604042798;0.521404327359051;-0.919525724370033
-0.940032926388085;0.537565642036498;0.108943549916148;-0.23736779158935
0.885650150012225;-0.641287771053612;0.0594011573120952;-0.469597912859172
0.00500531634315848;-0.963198147714138;0.259985907468945;0.714990248437971
-0.680548933334649;0.524937768932432;0.9154820619151;-0.0566884032450616
0.0353126102127135;0.583420180715621;0.428819721098989;-0.300897488370538
-0.878795905504376;-0.71166520845145;-0.965108281001449;0.950252629350871
0.548593356274068;-0.601363577879965;0.543801257852465;-0.341469520237297
-0.154913301113993;-0.946858066134155;0.309735275339335;0.84993429062888
0.199608213733882;0.158202846068889;-0.92256923019886;0.736436726059765
-0.745291701517999;-0.102405338548124;-0.412604326847941;0.15009498456493
-0.231602049898356;0.436377534642816;0.40243860706687;-0.195408444851637
0.217815645504743;-0.0758638889528811;-0.0816297871060669;0.748437143862247
0.43971583712846;-0.956567643675953;0.00671837897971272;-0.433912109583616
-0.984036480076611;-0.593090466689318;0.933458104263991;-0.14015917526558
-0.795185312628746;-0.226059452630579;0.530359749682248;-0.272748165763915
0.0692582516930997;-0.981484460178763;-0.786452980712056;0.318899510428309
-0.683464595582336;-0.68549129832536;-0.566650317050517;0.664135382510722
-0.197072042617947;0.106528440490365;-0.366226461250335;-0.496158607769758
0.550449339672923;0.986003288067877;0.803500723559409;-0.510426549240947
-0.474156645592302;0.367121489252895;0.910708064679056;0.971757961437106
-0.386312083341181;0.572161235380918;0.529360605869442;0.89334130147472
0.0775859802961349;-0.156070541124791;-0.372463300824165;0.302829338237643
-0.477012599352747;-0.52134497417137;0.37754319421947;-0.209732960909605
-0.162712110206485;0.191972759086639;-0.2876819181256;0.868613430298865
-0.305969702545553;-0.457613477483392;-0.761889547109604;0.19245386403054
0.653253986034542;-0.350585836451501;0.27015195088461;-0.0336489961482584
0.721719237044454;-0.62709496775642;-0.965107524767518;0.0854276996105909
-0.782802792731673;-0.672495693899691;-0.505028974730521;0.899555173702538
0.572177121881396;-0.524527956731617;0.563220887910575;-0.514065325725824
0.553149077109993;0.874066981952637;-0.113032089546323;-0.452474149875343
0.797560854349285;-0.703849098179489;0.345671392977238;-0.131322424393147
-0.835250394884497;0.496160072274506;0.664193204604089;0.907584950327873
0.494267306756228;0.599631547927856;0.342652883846313;-0.59685001289472
0.400288009550422;-0.780899391509593;0.866449108812958;-0.226159396581352
0.261535085737705;0.434913533274084;-0.489714897703379;0.483382791746408
0.623039420228451;0.473708898294717;-0.0404951949603856;0.632883161306381
0.953866537194699;0.475915662012994;-0.164906671270728;-0.867226327303797
0.47370929364115;0.0985581032000482;-0.948106162715703;-0.812892965041101
-0.485757569782436;-0.180284292437136;0.89598468830809;0.194503008853644
-0.901868608314544;-0.484219126868993;-0.384122721850872;0.397496672812849
0.885585925541818;0.86926384549588;0.808269801549613;-0.0735686174593866
0.426768373697996;-0.245077645406127;-0.453252399805933;0.986754572018981
-0.812848969828337;0.802432747092098;-0.123456506989896;-0.274622214958072
0.302075463812798;-0.148670020047575;0.959156008437276;0.176702776923776
-0.190671336371452;-0.515706170815974;0.351398430764675;-0.329425916075706
-0.0171627420932055;-0.0440815715119243;-0.820652747526765;0.402699284255505
0.782956139184535;0.214622700121254;0.768005120567977;-0.753447676543146
-0.436892436351627;-0.82900821743533;-0.896606099326164;-0.820006059948355
0.336970901116729;-0.642145480960608;0.810449468437582;0.217617738060653
0.180873689707369;-0.910030568018556;-0.0587565605528653;0.913405299186707
-0.507296259980649;0.389214790891856;0.310540878679603;-0.848634635098279
-0.44886639714241;-0.948156327940524;-0.799700297880918;0.550448249094188
-0.0252737989649177;-0.674261208623648;-0.774463696405292;0.948393390048295
0.877457196824253;0.52013380266726;-0.393422193359584;-0.64416135288775
-0.668681537266821;0.82034440850839;0.250158136244863;0.38875321066007
-0.132124517578632;0.421524791046977;-0.0116390935145319;0.720007337629795
-0.207186783663929;-0.135775963775814;-0.422384727280587;0.49437251733616
0.599236234556884;-0.478068725671619;-0.0822982890531421;-0.132977201137692
-0.934049526695162;-0.128191384486854;-0.642393676098436;0.0435344483703375
0.0499547682702541;0.993795048445463;0.674549413379282;-0.77979716937989
-0.908152889460325;-0.612432848196477;0.370992007199675;-0.0513108726590872
0.389653956051916;0.0921404035761952;-0.518365521449596;-0.00630630506202579
-0.233850867953151;0.674216758925468;0.759693387430161;-0.552032568957657
-0.757122485898435;-0.644117668736726;0.0855400641448796;0.0676272381097078
-0.973394511267543;-0.551621954888105;-0.344783432316035;0.267995421309024
-0.649276266805828;-0.68057419732213;0.288466747384518;-0.821134297177196
0.62085591815412;-0.841578874737024;0.698023686185479;0.251164396759123
0.152337437961251;0.921586391050369;-0.347587394528091;-0.773250430356711
0.53947687568143;0.783900555223227;-0.651714635081589;-0.89492015959695
0.654287286102772;-0.137386524584144;-0.896495922934264;0.259238271974027
-0.588979152031243;0.102715920656919;0.523121137637645;-0.467690502293408
0.129890731070191;-0.459783472120762;-0.46113205794245;0.87865658570081
0.578255201689899;-0.924958202522248;0.506636479403824;0.751101712230593
-0.985348974354565;-0.0390403158962727;0.743000433314592;0.660110140219331
0.724079973064363;0.76491029933095;0.291430319659412;0.272662295028567
0.804059587419033;0.144235756713897;0.936333894263953;-0.154793913010508
0.417192152701318;0.790418437216431;0.938584497198462;-0.992704859003425
0.878014172893018;0.578948558308184;-0.233724295161664;-0.613846463616937
0.421865702606738;-0.160079623572528;0.906627960503101;-0.221123946364969
-0.958873806521297;-0.487072264309973;-0.34909291472286;-0.50651939958334
-0.447654868941754;0.473182598128915;0.80801719520241;-0.128063420299441
0.627366389147937;-0.708823442924768;0.660192734096199;-0.147984858136624
0.0157241644337773;0.571346483193338;-0.960555193945765;-0.341160252224654
-0.973954637534916;-0.0368555905297399;-0.253068816382438;-0.671653737314045
-0.805858074687421;-0.301414520014077;0.296512978151441;-0.0873795244842768
0.736206416971982;-0.710378876421601;0.611083913128823;-0.111864423844963
0.806783535052091;0.433310059364885;-0.0315360184758902;0.118369783274829
-0.567419791128486;0.783754671458155;-0.780153371393681;-0.00447890721261501
0.71241525746882;0.112783619202673;-0.803805303294212;-0.276411081198603
-0.113691559527069;0.209782601334155;0.711264938116074;0.111982652451843
-0.318201302085072;-0.660953873768449;-0.159016530960798;-0.736943072173744
-0.727520998101681;0.276588905137032;-0.514164444059134;0.641925525385886
-0.924060654826462;-0.172027982771397;-0.35464920848608;-0.396211849525571
0.560969904530793;0.337760916445404;0.984799112658948;0.849166654981673
-0.868300682399422;-0.347688720561564;0.0115833980962634;0.738854221068323
-0.202470706310123;-0.0437068780884147;0.185140667948872;0.164452678989619
0.270545423962176;-0.95786505099386;-0.457789385691285;0.528634224087
0.439099718350917;0.981619292404503;0.346075278706849;-0.198131578043103
0.845891179516912;0.10099037643522;-0.0694195413962007;-0.244581787846982
-0.734371595550328;0.253101836424321;0.611573438160121;-0.210548851173371
-0.173001950606704;-0.842815083451569;-0.630322501994669;-0.483257326763123
0.844064717646688;0.778169712051749;-0.355809530243278;0.465084190946072
-0.613304330501705;-0.0277537694200873;0.45919844834134;-0.542759799398482
0.860447617247701;0.277313066646457;-0.942084680777043;0.830403131432831
-0.720480227842927;0.624200647231191;-0.0706354407593608;0.588489225134254
-0.648228030186146;0.365209661889821;0.458804131951183;-0.57948573725298
-0.86764837289229;0.86939100548625;-0.72591142449528;-0.838312399107963
0.305051131173968;-0.735257948748767;0.744661351200193;-0.771476178895682
-0.530060226097703;-0.379577273502946;-0.80805531097576;0.829057971015573
0.341212216764688;0.976279002148658;0.789279345888644;0.55389053048566
-0.924591656308621;-0.236997867934406;0.872166732791811;0.538889623247087
-0.874974397942424;0.0994473043829203;0.240216972306371;-0.06916623422876
-0.181441440246999;-0.0209635132923722;0.473164874594659;-0.410425541456789
0.736778577789664;-0.234392122365534;0.896632680669427;-0.00832880567759275
-0.659101091790944;-0.142814543563873;-0.470558363478631;-0.626547096762806
-0.331925926730037;-0.0905279964208603;-0.974955059587955;-0.0336172501556575
-0.813871226273477;-0.882671877741814;0.92295270645991;0.959415894933045
-0.885690299328417;0.197679135482758;0.0292250225320458;-0.644592565950006
0.482033813372254;0.903278450015932;0.836698065511882;0.36463712900877
0.339198783971369;-0.0111744408495724;0.0322818695567548;-0.397571065463126
-0.567162669729441;0.418860772624612;-0.480734623037279;-0.331599480472505
-0.176602035295218;0.331044864375144;-0.0475193345919251;-0.0495337713509798
0.740751761477441;-0.0471876291558146;-0.590225795283914;0.331274260766804
-0.251961914356798;0.141056312248111;-0.207550472579896;0.29110774025321
-0.193037079181522;-0.238389841746539;-0.100292110815644;-0.938429578673095
-0.127268023788929;-0.045090414583683;0.156869861297309;-0.891247134655714
0.621212115045637;0.176840605679899;-0.511701663490385;-0.329937371425331
0.930527433753014;-0.318170266691595;0.207151966169477;0.323613282293081
-0.915107738692313;-0.683786232024431;-0.145156919490546;0.673468360677361
0.447047639638186;0.614527611061931;-0.68615086004138;0.833396952599287
-0.634892914909869;0.0919772321358323;0.626068090088665;0.574181179516017
0.793767069466412;0.959036692045629;0.918001401238143;0.62426728149876
0.983766461722553;-0.540735360234976;0.319267524871975;-0.335571452043951
-0.828831506893039;-0.224485799204558;0.789574319496751;-0.0777867324650288
-0.85083569213748;-0.30227945651859;-0.872482851147652;0.866678012534976
-0.871043832972646;-0.561481942422688;0.52929409313947;0.428970966953784
0.375682563520968;-0.764722011517733;0.183472292032093;0.0119783459231257
0.44602229539305;0.677377017214894;-0.442699104547501;-0.989332377444953
0.467090281192213;0.780654767062515;0.722192745190114;0.520345154684037
0.144289988093078;-0.343522321432829;-0.503535621799529;-0.188250328414142
0.423464365303516;-0.946538132615387;0.859969639685005;0.875163626857102
-0.0347335808910429;-0.524091600906104;-0.903175009880215;0.620511631947011
-0.571901923976839;0.932965510524809;-0.120324837043881;0.373566742986441
-0.295795981306583;0.163487039040774;-0.103319298941642;0.133621582761407
-0.454558745957911;0.561332199722528;0.779690615367144;-0.0687309154309332
-0.683097432833165;0.508588910568506;0.616330305114388;0.879780704621226
0.197777526453137;-0.193813479971141;0.950794295873493;-0.425895766355097
-0.747987496200949;-0.342192714102566;0.06346639059484;-0.253017451614141
-0.283913829829544;0.961944467853755;0.429782034829259;0.693349928129464
0.685993724036962;-0.0495379352942109;0.546949243638664;0.124618967063725
0.124905181117356;0.401584573555738;-0.709727263078094;0.764581497758627
-0.484838142059743;-0.271277277264744;0.40249911416322;0.318887823261321
-0.841248959768564;0.711335585918278;-0.170111820101738;0.795391566120088
-0.0179174258373678;0.134987786412239;0.970129508990794;-0.337084072642028
0.373790772166103;-0.216089134570211;0.593864948954433;-0.910818230360746
0.625061220023781;-0.318459931761026;0.00930163450539112;0.986135680694133
-0.213288335129619;0.325351058039814;-0.0687604835256934;-0.271260453388095
0.658118277788162;0.71307520987466;-0.998599563259631;-0.575638175010681
0.0207285610958934;-0.338566262274981;0.60724651766941;0.854485691525042
0.222272987477481;-0.489861352834851;-0.807930684648454;0.594864474609494
0.488016711082309;-0.129166438709944;-0.0755615034140646;-0.719973129685968
-0.584514394868165;0.319578511174768;0.438720866572112;-0.855907391756773
0.67975749168545;0.0848003793507814;-0.698417459148914;-0.0718524698168039
0.717428723815829;-0.296591331716627;0.493347041774541;-0.0809565549716353
0.102963820099831;-0.258679134305567;-0.520126149058342;0.780988075770438
0.488281284458935;-0.357054235413671;0.644298191647977;-0.574580913875252
-0.54189201304689;-0.843602144625038;-0.853972438722849;0.116392147261649
-0.941676199901849;0.641506527084857;0.0977241373620927;-0.433092880994081
0.7255655573681;-0.00134855369105935;0.771796266548336;-0.737851844169199
-0.389378931373358;-0.108358832541853;-0.98965799016878;0.266797119285911
0.627734977286309;-0.223911809735;-0.341946263797581;-0.780372990760952
0.335089080501348;0.346887039020658;0.520018502604216;-0.999287576414645
0.165114643517882;0.742997968103737;-0.107703566085547;-0.904088024515659
-0.230660939589143;-0.823360451497138;0.828692454379052;-0.339050950948149
-0.263001827523112;0.388303774874657;-0.706510727759451;-0.140014250762761
-0.559665072243661;0.525879198685288;0.849668967537582;-0.483613211661577
-0.554048850666732;-0.277963154017925;-0.504693628754467;-0.844497890211642
-0.74623215990141;0.534052743576467;-0.561648013070226;-0.775153197813779
-0.975865799933672;-0.66862104088068;0.179261284414679;0.366914399899542
-0.690401868429035;0.197240254376084;0.942297462839633;-0.949455813504755
0.951179710682482;-0.494276862591505;-0.47903143428266;-0.865090594626963
-0.107576326467097;-0.644718957133591;-0.277090753894299;0.720147154759616
-0.815501994453371;-0.50504242349416;-0.155150334816426;0.335946358274668
-0.120189230423421;-0.589303991757333;0.384848518762738;-0.609840696211904
-0.796799038536847;-0.733448809944093;-0.34596231020987;0.0750183844938874
-0.828619522973895;0.427957419771701;0.313071770127863;-0.0237405481748283
0.231605157721788;-0.11404435755685;0.0130200511775911;0.417130277957767
0.962755294051021;-0.0603756229393184;-0.229957362171263;0.438747172243893
-0.837751616258174;0.930991411674768;0.0612315749749541;-0.840098360553384
-0.260747833643109;-0.772434806916863;0.77755431458354;-0.191131263040006
0.378545826300979;-0.981090523302555;0.715756791178137;-0.969936592504382
0.540044242981821;-0.135736265685409;0.462095099966973;-0.650832804851234
-0.184620568528771;0.26461265841499;-0.694034904241562;-0.463791971094906
0.181914529763162;0.729184589814395;0.310564367566258;-0.3770024292171
-0.91607547737658;0.710402701981366;-0.371068028733134;-0.954200381413102
0.800942675210536;-0.20813350751996;0.543160849250853;0.270378876011819
-0.0333562730811536;-0.888840890489519;0.151695595588535;0.660635084379464
0.190198812633753;-0.19311491260305;-0.00683736382052302;0.851956197526306
0.23122898908332;-0.820126820355654;-0.263291400391608;0.522307617589831
-0.672176589258015;0.284506251569837;0.143950877711177;-0.681547240354121
0.428576241713017;0.183590808417648;0.413857624400407;-0.89071199297905
0.273447980638593;0.158074360806495;0.495164503343403;-0.486332652159035
-0.186762252356857;0.308411895297468;0.12722029723227;0.364315533544868
0.990908051840961;0.712409942876548;0.0368836261332035;0.0157167930155993
-0.0545837706886232;-0.463112969417125;0.613343143370003;0.706057383678854
0.654829862527549;-0.798105235211551;0.135472715366632;0.0699187368154526
0.267631922382861;-0.89342899248004;-0.534672047477216;0.43382802978158
0.405579373706132;0.0321885086596012;0.186729636508971;0.939305189065635
-0.645667443517596;0.194000241812319;-0.907288711518049;-0.26866040751338
-0.543317219708115;0.386836802121252;-0.271423718426377;-0.973514284007251
-0.251558338757604;-0.872811608016491;0.241009586956352;0.298654474783689
0.47199891647324;0.945918385870755;-0.753364198841155;-0.25564046157524
0.340377623680979;0.220097831916064;-0.0604184935800731;0.656909379642457
0.11287459358573;0.705722819082439;0.820139749906957;-0.761015280149877
0.21615666244179;0.312021781690419;0.0128213120624423;0.86711867665872
-0.35084290523082;-0.348790820688009;-0.398195992223918;-0.825894923880696
0.617097698617727;-0.604296465869993;-0.793323112651706;0.375043733045459
0.13533476786688;-0.403109787032008;-0.487911689095199;0.612742703873664
0.691966366954148;0.498232261277735;0.284144371747971;-0.393036306835711
0.773263677489012;0.0259165186434984;0.932916400488466;0.44282423844561
0.749972684774548;-0.545221974607557;0.754449068102986;0.403784648515284
-0.332550763618201;-0.517744132317603;-0.0367250838316977;0.470212013460696
0.143976070452482;0.89226369233802;0.151835097000003;0.217228684574366
0.288160148076713;-0.0216538715176284;0.887675468809903;0.564479450229555
-0.633773884736001;-0.627175681758672;0.326558168511838;-0.337471959646791
0.103471138048917;-0.049714919179678;-0.567295129410923;-0.46840176731348
0.839282496832311;-0.660380130633712;-0.333954748697579;-0.960483477450907
0.892974427435547;-0.144151783548295;-0.554529162123799;-0.279970619361848
-0.855507078580558;-0.743204129859805;-0.646787906065583;-0.632996965199709
-0.429682905320078;-0.271603180561215;-0.8505375739187;0.859401805792004
0.348527615889907;0.78340431721881;-0.0882239686325192;0.64396014297381
0.345784196164459;0.354562615510076;-0.494243066757917;-0.197860294487327
-0.497757894918323;0.021818510722369;-0.934392508585006;-0.0963311428204179
0.343352516647428;0.188629131298512;0.170287778135389;-0.0598214631900191
0.157586195506155;0.262178645003587;-0.692532323300838;0.290628604590893
-0.0607658228836954;0.383153930772096;-0.353184171020985;0.616700521670282
0.17496249685064;0.166315459180623;-0.168493015691638;-0.097956676967442
0.15636958507821;0.212761338334531;-0.0447270697914064;-0.875522679183632
0.161309973336756;0.601072529796511;0.717000510543585;-0.405654729809612
-0.764050326310098;-0.523570500314236;0.359881903044879;0.594305802602321
-0.802272530272603;0.577473843470216;-0.429396701976657;0.271606544032693
0.756216141860932;-0.199187905527651;-0.310855577234179;0.0193978664465249
-0.0511910286732018;0.402135874144733;0.546047902200371;-0.992342553567141
0.717334961984307;0.145345974713564;-0.116279444191605;0.683970771729946
-0.093992686830461;-0.411729611922055;0.0201978301629424;-0.981040758080781
0.935600909870118;0.553676954004914;0.745661113411188;0.301342216320336
0.200306321494281;-0.214183665346354;-0.840819047298282;-0.465922150295228
-0.96276446338743;0.171652636956424;-0.113079995848238;-0.185006373096257
0.0881718480959535;-0.197737263515592;0.666583579499274;0.471521525178105
0.168692098930478;-0.287953048944473;0.503651069477201;-0.10000937525183
0.58794216811657;0.0815557283349335;-0.0630979216657579;-0.46895456360653
0.344104602467269;0.380923613905907;-0.970565810333937;0.342966315802187
0.0265756980516016;0.0287188389338553;-0.859643889125437;-0.711852855980396
-0.694006777834147;0.286485586315393;0.833167866338044;-0.666578681673855
-0.551950667519122;-0.980036044493318;-0.218392668757588;0.283958001993597
0.0647480888292193;0.906404486857355;0.778833804652095;0.129815982654691
0.0621124939061701;-0.858284472953528;0.482251110952348;-0.248663167469203
-0.0883168624714017;-0.359240344259888;-0.187686819117516;-0.626928839832544
-0.106104271952063;-0.561651702504605;-0.403085345868021;-0.195047251880169
0.39320240309462;-0.316881659906358;-0.0722475959919393;0.992233419790864
0.0511890691705048;0.395397265907377;-0.788215754553676;0.976799516472965
-0.441215334925801;-0.22196404542774;0.218298379797488;-0.292501075193286
-0.893658976536244;-0.269255033694208;-0.626825539395213;0.667226933408529
-0.154815777670592;-0.706290363334119;0.769626872614026;-0.181632441934198
-0.418007637839764;0.64345798175782;0.698829640168697;0.644893398042768
-0.246779644861817;0.466616126243025;-0.697156147100031;-0.0299521521665156
0.502981770783663;0.756289686542004;0.0465373247861862;0.376870887819678
-0.12602208647877;-0.0429357923567295;-0.9389782352373;0.974298001267016
-0.553973884321749;0.141924409661442;0.536956445779651;0.879785030148923
0.541502477601171;0.565384656190872;-0.0308295344002545;-0.770880166906863
-0.355112337972969;-0.115421028342098;0.676495854742825;-0.884844467043877
-0.52250583563;-0.835494976956397;0.33230844931677;-0.229146100115031
-0.275100681465119;0.0816591214388609;-0.133654616307467;-0.208914455026388
-0.842750807292759;-0.876865364145488;0.104417724069208;0.747463659383357
-0.0460842507891357;0.894607556518167;0.783219347242266;0.586511739529669
-0.927428896538913;0.392925866879523;0.316913964226842;0.836251515895128
0.628783855587244;0.0501657905988395;0.780508892145008;-0.936858672648668
-0.574726102873683;0.995229362510145;0.886891844682395;-0.687407705932856
0.902383976615965;-0.575629217084497;-0.225821145810187;-0.314410520717502
0.301291555166245;-0.957327093929052;0.174515679012984;0.401605568360537
0.150760801974684;-0.827880629338324;0.185195411089808;-0.647054165136069
0.250567315146327;-0.154148205183446;-0.0235262364149094;-0.616231229621917
0.338696387130767;-0.183406271506101;-0.672698978800327;0.0741258240304887
0.943165691103786;0.363008739426732;-0.0457043838687241;0.651083709206432
0.436522753443569;0.631955625489354;0.0622092466801405;-0.319388146046549
-0.638053649105132;0.798570863436908;0.483484478201717;0.00193514907732606
0.0206346618942916;-0.0102080395445228;0.956730450503528;0.146794192027301
0.998270730022341;0.92151977866888;-0.148297551553696;0.748566338792443
-0.250854521989822;0.0118002155795693;0.574192560743541;-0.0290037146769464
0.0399155518971384;0.474040796514601;-0.443911341484636;0.224267070647329
0.510109315160662;-0.366457642056048;0.51715373666957;-0.345179721247405
0.338626939803362;0.150609104894102;-0.498676124960184;0.424047963693738
0.169393394608051;-0.00302083510905504;-0.877017125487328;0.973666626960039
0.853397229686379;0.395236586686224;0.184945160988718;-0.218912147451192
0.820842855609953;-0.356008275877684;-0.354132236447185;-0.0985981812700629
0.779752335511148;-0.936283284798265;-0.0393575797788799;-0.976306797005236
0.148411923088133;-0.702218929305673;-0.870363794267178;-0.714364517480135
0.449146701022983;0.396797728259116;0.748234277591109;-0.563270408660173
0.186545189470053;-0.264292502775788;0.811224361415952;0.25756975216791
-0.668261766433716;0.566276483237743;0.809752356261015;-0.663002794142812
0.496782627888024;-0.98550070496276;-0.924984586425126;-0.819127632305026
0.026363150216639;-0.331592724658549;-0.705129756126553;-0.667682962492108
0.319036535453051;-0.840044246520847;-0.258142355829477;-0.740924399346113
-0.877883198671043;0.648012686520815;0.261280038859695;0.0364610375836492
0.488902918528765;-0.300259627401829;-0.11090724170208;-0.0701344194822013
-0.850712403655052;0.669404924381524;0.222715493291616;0.243436231277883
-0.0117168435826898;-0.607825288083404;-0.55901042278856;0.0368555136956275
0.9856390748173;-0.851082942448556;0.909661058336496;-0.517655986826867
-0.764981684740633;0.946515214629471;0.132093026768416;0.171914438717067
-0.283909589517862;-0.734818691387773;-0.920767551288009;0.547123472206295
0.444241907447577;0.136245961301029;-0.9128971202299;-0.595624939072877
-0.0628523603081703;0.040963102132082;0.319317043758929;-0.77066885214299
0.802842085249722;-0.579801267944276;0.148820126894861;0.688479324337095
-0.0347233703359962;-0.149089244194329;0.531987850554287;-0.96295072697103
-0.231952866073698;0.972170458175242;-0.12202575057745;0.285053658299148
0.935968923382461;-0.609281291253865;-0.80361865228042;0.685487626120448
-0.443106551654637;0.117285036016256;0.298368801362813;0.279651718679816
0.235243231058121;0.814237299375236;0.202351338230073;0.630069391801953
-0.258671673946083;0.694972203113139;-0.827270857058465;-0.930951688438654
0.493723534047604;-0.594135857187212;0.269832159858197;0.206090921070427
-0.418598385062069;0.089632979594171;-0.812315831426531;0.067845908459276
-0.591934190597385;0.599063314497471;-0.0154826622456312;0.332972925156355
0.296324210241437;-0.435308479703963;0.214819292072207;0.520223524887115
0.498773192055523;-0.467581728938967;0.954718751832843;-0.683035193476826
0.458582993596792;0.744496690575033;-0.917377471923828;0.545079087372869
-0.0413473015651107;-0.98833093745634;-0.164647183846682;0.404089482501149
-0.227619518060237;0.465029540471733;-0.612312671728432;0.00914747081696987
0.181904620025307;-0.495985626243055;0.502916654571891;-0.918621342163533
0.53065305063501;-0.450873158872128;-0.293635776732117;0.459259989205748
0.679761346429586;0.263118765782565;-0.855155303142965;0.261324865277857
0.331809835974127;0.107926748227328;-0.998867890331894;0.498277449514717
0.335817825049162;0.0958577850833535;0.138347522355616;-0.473639314528555
0.0905169164761901;0.589520695619285;-0.0308345365338027;0.609689925797284
0.394250897690654;0.656746745575219;0.259925544261932;0.764382841531187
-0.461942894849926;-0.742764610331506;-0.393409644719213;0.034792865626514
-0.454562429338694;-0.445711156353354;0.800943707581609;-0.683152180630714
0.626258991658688;0.76261842623353;0.101724206004292;0.256937304511666
0.0972337322309613;0.42355625750497;0.429008394945413;0.434283615555614
0.262777048628777;-0.060292209032923;-0.373080302961171;0.542987224645913
-0.16047002421692;0.10609501414001;0.401372531428933;0.580654682125896
-0.0915678632445633;0.568428906612098;0.524215491488576;0.175580901559442
-0.0241625364869833;0.413572740741074;0.403620595578104;-0.226393538061529
-0.0616051196120679;0.232838570140302;-0.72272434970364;0.729377092327923
-0.954145854804665;-0.860529342666268;-0.223454983439296;0.574151027482003
0.518671009689569;0.520781886763871;0.0135726481676102;-0.282542320899665
0.940562582109123;-0.858004637528211;-0.796238772105426;0.439626105129719
-0.221573002636433;-0.521251232828945;0.214824393391609;-0.472514963708818
0.954801244661212;0.233088037930429;-0.801219461485744;-0.55301201203838
-0.695778617169708;0.774877031799406;0.560486042872071;-0.0670855939388275
-0.587170796003193;-0.393154454883188;-0.0304250763729215;0.232138530351222
0.333690003957599;0.59874560078606;-0.564384753350168;0.0544995814561844
-0.966398554388434;0.138400360010564;0.74258718919009;0.880332714412361
0.250259174033999;0.041772710159421;0.608187188394368;0.520721790846437
0.84274053806439;0.418406099546701;0.802993058692664;-0.116573785897344
0.272616353351623;-0.167382299434394;-0.391006810124964;-0.202796252444386
0.334399929270148;-0.485788295976818;-0.461256060749292;-0.328321298584342
-0.912042148876935;0.419770459644496;-0.301661185920238;0.601867854595184
0.136173825245351;0.30530544789508;-0.293703697621822;0.957749532535672
0.381358548533171;-0.644786604680121;0.999271349050105;0.604918696451932
0.0267731081694365;-0.357377995271236;-0.637547242455184;0.494554999750108
-0.501471969299018;0.150087391026318;-0.623469949699938;-0.317206126637757
-0.281222348567098;-0.168397409841418;-0.578576779924333;0.764364679343998
0.858559485524893;0.165662331040949;0.602535865735263;-0.211284384597093
-0.914965168572962;-0.826913524884731;0.209914477542043;0.765114342793822
0.126821669749916;0.546933674253523;-0.963697696104646;0.0669204206205904
0.588962965644896;-0.778434938751161;0.645909995306283;-0.754264558665454
-0.194477864075452;0.551110012922436;-0.0453430153429508;0.599959678947926
0.329070596955717;0.791060831863433;0.888641802128404;-0.740143332164735
0.279689747840166;-0.0666881292127073;-0.604937545023859;-0.569455840624869
-0.763885446358472;-0.0758466636762023;0.389855760149658;-0.516719937324524
0.665799470618367;-0.590438950806856;-0.434476403519511;-0.536574682686478
0.409786518663168;-0.328312451019883;0.81549923075363;0.167124847415835
-0.703171565197408;-0.105243355501443;-0.483495596796274;-0.171596860513091
-0.567715787794441;-0.81386137008667;-0.0582438046112657;0.0298426677472889
0.943048966117203;-0.734867834951729;0.686463561840355;0.604814766440541
-0.66383223189041;-0.242917414288968;0.435770920012146;-0.64397411653772
0.486034199595451;-0.460280571132898;-0.789790906943381;-0.500344127416611
-0.702472809702158;0.63363897614181;0.6668357597664;-0.987978185992688
-0.551913225091994;-0.101058545988053;-0.933056950103492;-0.818900759797543
0.0806595738977194;-0.501807158347219;0.00402165204286575;-0.19215829577297
-0.999971321318299;0.709985374473035;0.0650270930491388;-0.787297528702766
-0.798270963598043;0.385000990703702;-0.186727444641292;-0.381410292815417
-0.84784548683092;0.247641010209918;-0.597785541787744;-0.259470643475652
-0.483973098453134;-0.353604937437922;-0.13048329949379;0.992554303258657
-0.95041583571583;0.631656341720372;0.886954849585891;-0.374090672004968
-0.498455198016018;-0.226271232124418;0.188268194906414;-0.525538609363139
0.0276545486412942;0.733898633159697;-0.97429805342108;0.0173051599413157
0.97686550905928;-0.276313141454011;-0.732923372182995;0.338589958846569
0.99746733577922;0.276592158712447;0.995509463362396;-0.503753063734621
0.776146546006203;-0.65096127288416;-0.178854978177696;-0.874308502767235
0.679019178729504;0.814979275688529;0.133836414199322;-0.0298925433307886
0.146961134858429;-0.226176047697663;0.460425000172108;0.381139951292425
-0.420661424286664;0.921556560322642;0.787791003473103;0.809951047878712
0.473108487203717;-0.783168903551996;-0.479429382365197;-0.443547107744962
0.0362402717582881;-0.889429599512368;0.821899231523275;0.415612859185785
-0.431490952614695;-0.73658870626241;0.636738540604711;-0.354734644293785
0.35549577511847;0.533675772603601;0.0858192220330238;-0.839380564633757
-0.230489158071578;0.517730609513819;-0.116549186874181;-0.353327935095876
0.156384728383273;0.225404885597527;0.379192553460598;0.640913465991616
0.256198095623404;0.753013500478119;-0.160566628910601;0.795661540236324
0.279934066347778;0.150123526807874;-0.265473223291337;-0.221092759165913
-0.13547903066501;-0.642972841393203;0.318854220211506;-0.473508734256029
-0.334910412319005;-0.765792034566402;-0.904489759355783;0.186446654610336
-0.799747855402529;-0.0693326201289892;-0.753888899926096;-0.821560802403837
0.783989774528891;0.0173788354732096;-0.686350139323622;0.784711615182459
0.81237213825807;0.700669114477932;0.287714976351708;0.807707292959094
0.11911975312978;-0.368681797292084;0.858468045480549;0.000140324234962463
0.629833250772208;0.284211808349937;0.821602929383516;-0.559272206388414
0.715688094962388;-0.898929132614285;-0.126375630032271;-0.706397413276136
0.533616141881794;-0.233902689535171;0.781721668317914;-0.921374979428947
0.628333198372275;-0.920578638557345;0.70106746070087;0.337863110471517
0.413194098975509;-0.588434119243175;0.546104485634714;0.311165986116976
-0.834529781714082;0.760104430839419;-0.408994848839939;0.983246202580631
-0.657357731368393;-0.0781540302559733;0.98727900069207;0.76709690829739
-0.00725702010095119;-0.123054247815162;0.680863775778562;-0.394090378191322
-0.376815082505345;-0.297997534740716;-0.839520686306059;-0.367490995675325
0.36338156927377;-0.802030298858881;-0.0407315529882908;-0.876767045818269
0.151104066055268;-0.376570338848978;0.851516414899379;0.094016925431788
0.581397979985923;0.0556114534847438;-0.751579425297678;-0.221878885757178
0.765779426321387;0.499408041592687;-0.749222865328193;-0.0860923659056425
0.722521122079343;0.728481516707689;-0.773394969757646;-0.293592362198979
0.669503611512482;0.986089223995805;-0.0269991317763925;-0.529389903880656
-0.622209968976676;0.0837710173800588;0.606675131246448;-0.679377232212573
-0.767069331370294;0.101325834635645;-0.737540644593537;-0.624610799830407
0.586714297067374;0.349073165096343;-0.899364596698433;-0.292796650901437
-0.156392937991768;-0.0532002681866288;0.809623919427395;0.756002312991768
-0.0661891829222441;-0.24016640195623;-0.0894731171429157;-0.816250361036509
-0.661932596936822;0.85558170825243;-0.504789032507688;-0.350492729339749
0.165361959952861;0.676335500087589;0.0750200403854251;-0.0588003457523882
-0.105663292109966;-0.188214235473424;0.241162282414734;-0.13994841882959
-0.892141212243587;-0.482269679196179;-0.076296279206872;-0.240475510247052
-0.948719858191907;0.254066841676831;0.403385907877237;0.0503618321381509
0.674055184237659;0.979780146852136;-0.0909698060713708;-0.867523760069162
-0.153793587815017;-0.396605636458844;0.958765294868499;0.423553524538875
-0.642850794829428;-0.832604800816625;-0.628026399295777;-0.378362534567714
-0.477777187712491;-0.71989289438352;0.952806861139834;0.984727951232344
0.134409615769982;0.961933370679617;0.86426971340552;-0.574703306891024
-0.678997243754566;-0.419526300858706;-0.143514791037887;-0.910277588758618
-0.536308561451733;-0.356967631727457;-0.45645755296573;-0.0766947590745986
-0.0521904993802309;0.813385748304427;0.469910426065326;-0.693420739844441
0.658451182767749;-0.823151916731149;-0.611060141585767;0.85254445578903
-0.961674659512937;-0.775696011725813;-0.981549266725779;-0.702069393824786
0.885933818761259;0.553233119193465;0.894786797929555;-0.10992381349206
0.753248788882047;-0.275669847149402;-0.545812463853508;0.505627548322082
-0.365193696226925;0.265019891783595;-0.959768179804087;0.957537306472659
-0.138885727152228;0.649462405592203;-0.322225384879857;0.200895046815276
0.213564225006849;-0.504068707581609;0.297695005778223;0.242278065532446
-0.960003632586449;-0.890157252084464;-0.301146435085684;-0.510698021855205
0.470253338105977;0.0489496793597937;0.201925361063331;-0.526613200549036
-0.50622318778187;0.397253311239183;-0.593385898973793;0.170405996032059
0.45151477959007;0.0558884972706437;-0.944739310070872;0.578834501095116
0.905760833993554;0.819692649878561;-0.534145673271269;-0.566353701986372
-0.629484647419304;0.33501749066636;0.387240172363818;-0.775597693398595
-0.353742911946028;-0.779907746706158;0.602023391053081;0.0163262807764113
0.956245836336166;0.595115842763335;-0.200977497268468;0.422384288161993
0.283295539207757;0.950862259604037;-0.590708256233484;0.879917278885841
-0.732237380929291;0.0124175846576691;0.206805586349219;0.425362575333565
0.917288511991501;-0.640814897138625;0.876469577662647;-0.593426850624382
-0.151513244491071;-0.285341231618077;0.210665640421212;0.801324760075659
0.19580723438412;-0.895780781283975;-0.158934929408133;0.864874079357833
-0.18882686458528;-0.877049556467682;0.878382697701454;-0.17198295565322
-0.98268339689821;-0.433634580112994;-0.897464147768915;0.520402362570167
-0.588727025315166;-0.177542125806212;-0.793005517218262;-0.593143416568637
-0.255265614483505;-0.400869493372738;-0.0814292714931071;0.678630676586181
-0.363638248760253;-0.492415341548622;0.185189593583345;-0.304842801764607
-0.287974830716848;0.00441638985648751;0.612184237223119;0.985923472326249
-0.508870868012309;-0.0296664070338011;0.574790662154555;0.0484399101696908
0.280278016347438;-0.40098638413474;-0.212680849712342;-0.519883379805833
-0.339976152405143;-0.705306448508054;-0.717894047498703;-0.654539532959461
-0.187091771978885;0.334703366272151;-0.401028400752693;-0.744312530383468
-0.352262487169355;-0.567114618606865;0.901390658691525;-0.0715806549414992
-0.18375084316358;0.260615712497383;-0.507964252494276;-0.378009178675711
0.414248326327652;-0.326261971145868;0.807004907634109;0.171563600655645
-0.870606910903007;0.529151699040085;0.0121261081658304;0.654581998009235
-0.40209969272837;0.716514398343861;-0.801381942816079;0.150416401680559
-0.527675297111273;-0.352939271368086;-0.748493720311671;0.479352047666907
-0.140072856564075;-0.45009774947539;-0.308620500843972;0.974855568259954
0.916715958621353;-0.0320348720997572;0.738274643197656;0.342180357314646
-0.466840218752623;-0.561663063243032;0.900556053966284;0.0466672768816352
-0.100882808677852;0.523195547051728;0.406080568209291;-0.684820450376719
-0.739347429480404;-0.797348671592772;0.752065197099;-0.106224185787141
0.202457723207772;-0.841687425039709;-0.641261669807136;-0.275412350427359
0.448035070672631;-0.373821468558162;-0.625417922157794;-0.115708149969578
0.506300378590822;0.709047752432525;0.192136059049517;0.522563937585801
-0.195017309393734;-0.165444289334118;0.758827494923025;0.727389418054372
-0.859482650179416;-0.720872892532498;0.536992055829614;-0.125679872464389
-0.940009318757802;0.548360887449235;-0.825064237695187;0.293485163711011
-0.574935189913958;-0.960560410283506;-0.390764325857162;-0.0160109302960336
0.763652911875397;0.0366905611008406;-0.591581179294735;-0.598526353947818
-0.197466850280762;-0.610794550273567;-0.3668297464028;-0.863751148805022
-0.0871676276437938;-0.353295882232487;-0.26029778085649;0.731475153472275
0.587526928633451;-0.342833590693772;0.434047847054899;-0.167781659401953
0.298741686623544;-0.987652183510363;-0.065692578908056;0.930273537524045
-0.12575224833563;0.617872261907905;-0.0198705457150936;0.378510353621095
0.649304970633239;0.980599450878799;0.556666529737413;0.816729987505823
-0.277964691165835;0.122767203021795;-0.0961059355176985;-0.757546941749752
0.355142795480788;0.46685760980472;0.744590409565717;0.705262111965567
-0.340137358289212;-0.168478179257363;-0.971513967961073;-0.454176183324307
0.901313765440136;-0.804133967962116;0.763710499275476;0.134702645707875
0.902110592462122;-0.669794096145779;-0.959483871702105;-0.975826368201524
0.51239049481228;-0.331197801046073;0.549217058811337;-0.456643474288285
0.162182203028351;0.621722640935332;-0.981594810262322;-0.086992914788425
-0.274517730809748;-0.0447421511635184;-0.264600111171603;0.633489117957652
-0.628420900087804;0.666433293372393;0.97036892734468;-0.822313893586397
-0.492978287860751;-0.751984515693039;-0.758208197075874;0.693838440813124
-0.744861493352801;-0.246456193737686;0.447466322220862;-0.73796538868919
-0.870380461215973;-0.83878726977855;-0.442687794100493;-0.129671711474657
0.718749065883458;0.0250924699939787;0.677147733978927;-0.498458505608141
0.387513327412307;0.673536984249949;-0.721204746048898;0.239286449737847
-0.351888234261423;-0.29504325799644;0.99119187425822;-0.556936641223729
0.667624054010957;-0.350379578303546;-0.699510837439448;-0.796426729299128
0.327468723058701;-0.971029152162373;0.780708483885974;0.423624074086547
0.503133458551019;-0.873755797743797;-0.611289483960718;0.584188577719033
0.813171283341944;0.423556328751147;0.123729707673192;0.639330158941448
-0.168469544034451;0.689275592099875;0.816131593193859;-0.122222891543061
0.0258451984263957;-0.596851723734289;0.380538779310882;-0.373367457184941
0.436132490169257;-0.929887589998543;0.412334388121963;-0.586532607208937
0.0959077747538686;-0.366815167944878;0.121814020443708;0.867021176964045
0.718084305059165;-0.571614664979279;-0.560438568238169;0.499492728151381
-0.185531698632985;0.626774173695594;-0.936862206086516;-0.411417106632143
-0.578719711396843;-0.542937448713928;-0.349057411309332;0.666529487352818
0.356199973262846;0.175386569462717;-0.666562160011381;-0.461835911497474
-0.00479449005797505;-0.0367491347715259;0.779476054012775;0.763282860163599
0.0140958703123033;-0.0751037560403347;0.512680938933045;-0.700578396674246
0.440018738619983;-0.23225445440039;0.180100883357227;-0.543640413321555
0.451388251036406;0.241241704672575;0.964118366595358;0.584004924166948
0.604797362349927;-0.0293228379450738;-0.757588808424771;0.103182991035283
0.0370525452308357;0.350292602088302;-0.0230797785334289;0.974608184304088
-0.346997515764087;0.0555126694962382;0.729776779655367;-0.278065340593457
-0.857643630355597;0.739041027147323;0.340334375854582;-0.476381410844624
-0.904782535508275;-0.0329210492782295;0.462355841416866;-0.917297118343413
-0.867093810345978;-0.357489132788032;0.394890196621418;-0.501601516269147
-0.580568512436002;-0.153058131225407;-0.526880674529821;0.672249527648091
-0.21118382178247;0.769224140793085;0.537111396435648;0.0577626992017031
-0.146502799820155;-0.448792354669422;-0.0738744889385998;-0.0682519092224538
0.819409722462296;0.489809815306216;-0.459362093359232;0.90133693208918
0.471171334385872;-0.782154482789338;0.439354143571109;0.0664271134883165
0.436820067930967;0.455898432526737;0.848512850701809;0.0881259562447667
-0.836802928708494;-0.715095274150372;0.71362926159054;-0.548398468643427
0.52966682985425;-0.735038111452013;0.12682795478031;0.555795400869101
-0.294157796539366;-0.555951331276447;-0.884996499400586;0.483811793848872
-0.663670590613037;0.915172680746764;0.562452808953822;0.514033000450581
0.0459352466277778;-0.93552943598479;-0.358777307905257;0.384066590107977
-0.000630471389740705;0.426277190446854;0.832938124891371;-0.692289272323251
0.193447516765445;0.501719289459288;0.401986911892891;0.880390546750277
0.379831432830542;0.362551765050739;-0.780025052372366;-0.80032905889675
-0.0507272016257048;-0.361461777705699;-0.737517943605781;-0.363603687379509
-0.610544949769974;0.225580160040408;0.0253126323223114;0.625829498283565
0.190262877382338;-0.280487466603518;0.75869342777878;0.776580915786326
-0.611781786195934;0.692805657163262;-0.8866260885261;-0.793804532848299
-0.672228674404323;-0.653114974498749;-0.94415414147079;0.961026438511908
-0.390612829476595;-0.097933859564364;0.0146394986659288;-0.265831340104342
-0.338860720396042;0.469585275743157;0.452713480684906;-0.0730191296897829
-0.596538169775158;0.734807682223618;0.734748068731278;0.661795418243855
0.435535363387316;0.26262033265084;0.79466726956889;-0.107383530121297
-0.993982694111764;-0.718061360530555;0.747688167262822;-0.180350563023239
-0.565213533118367;-0.326423737686127;-0.197394134942442;0.146352395415306
0.920982179231942;-0.30886518349871;-0.505230321548879;0.484228872694075
0.668726535979658;0.216536410618573;-0.178840693086386;0.586515279952437
-0.831111947074533;0.970112843904644;-0.661914923228323;0.661018664948642
-0.359338896814734;-0.67588792135939;-0.390064505860209;-0.0167858400382102
-0.901054644957185;0.822497743181884;-0.758410706650466;0.486357673071325
0.163327384740114;0.3035868559964;-0.776833673939109;-0.292502520605922
-0.548153734765947;0.133895365986973;-0.16558793745935;-0.101456580683589
-0.992616817355156;-0.369128334801644;-0.721947456244379;0.256672580726445
-0.419225974939764;0.350727779790759;0.662846616469324;-0.851954235229641
0.353273798245937;-0.375120291486382;0.755352973937988;0.0440936139784753
-0.205222548916936;-0.627242725342512;0.364886223804206;0.102440516930073
0.842959316447377;-0.0341675733216107;-0.634086130652577;-0.277287304867059
0.433232635259628;-0.217958948109299;-0.272083005402237;-0.214264003559947
0.514188969973475;0.0521400417201221;0.402654155623168;-0.0533423246815801
0.352756839711219;-0.249008359853178;-0.0211624931544065;-0.280865170992911
-0.393809936475009;0.184821840841323;-0.359602381009609;0.374627881683409
0.867754996288568;0.145639064256102;-0.955937892664224;-0.363204102031887
0.361240909900516;0.65774352569133;0.123475646600127;-0.833612780552357
0.395660709124058;0.924237990286201;0.625240370631218;0.0784306121058762
0.168980706483126;0.175751924049109;-0.468841513618827;-0.188773192465305
-0.631602544337511;0.866232237778604;0.638856253121048;-0.188204302918166
0.333131910301745;-0.833071919623762;0.767725170124322;0.314498932566494
0.0058759287931025;0.00741523969918489;-0.697589258197695;-0.907391981687397
-0.275245867669582;-0.359280690085143;-0.0159044726751745;0.458726222161204
0.210596855729818;0.257017560303211;-0.254854433704168;0.868756901472807
-0.277148594614118;-0.922335689887404;-0.681764526758343;0.9670918029733
0.962027737405151;0.864398487843573;-0.12816116400063;-0.5166743141599
-0.209287093486637;0.793434915132821;0.560170244425535;0.676032653544098
-0.85613769153133;-0.389833372086287;0.378934966400266;-0.839408163446933
-0.439686499070376;0.499974401667714;-0.608272421173751;-0.332787476480007
-0.639670983888209;0.0678634531795979;0.396658211946487;-0.237603120040148
0.230434116907418;-0.848312638700008;0.260471736546606;-0.0306670987047255
0.913287962786853;0.277072132565081;0.370459200814366;0.550488914828748
-0.266300484072417;0.779421383049339;-0.964950052089989;0.784223751164973
-0.458678930997849;-0.640756650827825;0.381604250054806;-0.932579862419516
0.437224947847426;0.628547427244484;-0.480702335946262;-0.463269189465791
0.243435341864824;-0.734417169354856;-0.223020819015801;0.0421206136234105
-0.558465505950153;-0.746705861296505;-0.312042219098657;0.15442868694663
-0.223571533802897;0.836883920244873;-0.120138055179268;0.742711657658219
0.130664212163538;0.170622955542058;0.176740658935159;0.999102090485394
0.650320319924504;0.229443170595914;0.544946496374905;0.10197743633762
0.0717122796922922;-0.639828771818429;0.283449652604759;-0.14741377485916
0.55454402603209;0.193254569545388;0.167440961115062;0.870869274251163
0.016863077878952;0.227446877863258;0.464948422741145;0.531406202353537
-0.183024488855153;-0.974548773374408;-0.429916590917856;0.819330882746726
-0.334634710103273;-0.466075928416103;0.2413510074839;-0.406654266640544
-0.957407374400645;0.979701726697385;-0.437231563031673;0.503050398081541
-0.180133031215519;0.870285169221461;0.945654833223671;0.799175075720996
0.170029602013528;-0.923575497698039;-0.730401881970465;0.301330300979316
-0.102445709519088;0.0326747265644372;-0.961591710802168;-0.479659509379417
0.194912039209157;-0.0385280661284924;-0.618083320558071;0.432635772507638
-0.0379982823505998;-0.955608068965375;0.510417102836072;-0.41562150651589
-0.294589357916266;0.700311365537345;-0.53395474748686;0.092688774690032
-0.45154178282246;-0.379492805805057;0.622238164301962;0.33928005117923
0.790362311527133;-0.802246868144721;-0.556740635074675;-0.940744780469686
0.787046568468213;0.6956781684421;-0.727316531352699;-0.930336772464216
-0.138455673586577;0.125884529668838;-0.843948828987777;0.0139483376406133
0.251924958545715;-0.0458675911650062;-0.68998165987432;-0.610323085915297
-0.272382972761989;-0.832157565280795;-0.954940406605601;0.446911457460374
-0.412100092042238;-0.408533236011863;-0.691189132630825;-0.657675658818334
-0.100854708813131;-0.272881324402988;0.566811592783779;-0.605472169816494
0.239920164924115;0.563289729878306;-0.6130899223499;0.71709731919691
-0.660652509424835;-0.217986621428281;-0.171760813798755;-0.512819546274841
0.147897889371961;0.405147119425237;0.916377679444849;-0.539890703279525
-0.812569678295404;0.442355178762227;0.27275039255619;-0.908892231062055
-0.498924433253706;-0.871326866094023;0.271701307501644;0.134246154688299
0.738257391843945;-0.175780441612005;0.543497876264155;-0.284236897248775
0.350262727588415;-0.423968787305057;-0.946100200526416;-0.820180311333388
-0.822694950737059;0.841294181067497;0.945504231378436;0.235802658367902
0.429026109632105;-0.483929640613496;-0.0752353952266276;-0.723771878518164
0.966225800104439;-0.402905918192118;-0.499371332116425;-0.039094090461731
0.270365167409182;-0.418734667357057;-0.150264512747526;0.503662558738142
0.403936468996108;0.590173569973558;-0.140622757840902;0.465350145008415
0.0433318302966654;-0.735502381343395;-0.214143207296729;0.775188812054694
0.22384493611753;0.616384368855506;0.649013959802687;0.051473387517035
0.29040369624272;-0.554560473188758;0.107850909233093;-0.179916749242693
-0.0911693079397082;0.295495016034693;-0.862069208640605;-0.27563097467646
-0.0566056570969522;-0.107367402873933;-0.454229862429202;0.777174106799066
-0.713753251824528;0.606699408032;-0.470287791918963;0.473491636570543
0.795082849916071;-0.597195757552981;-0.455902081448585;-0.374297054484487
0.76837971387431;0.00775683810934424;-0.65228561591357;-0.0508959870785475
-0.460821114480495;0.935296996496618;-0.524782029446214;-0.943564364220947
0.308022257871926;-0.0932356300763786;-0.132314559537917;0.527654522564262
0.675010611768812;0.117878864984959;-0.0275005330331624;0.520492297131568
0.942793876864016;0.541758649516851;-0.304097706917673;-0.604505841154605
0.882853514980525;-0.959061748813838;-0.687925435137004;-0.548462884500623
0.0310363667085767;-0.111927207093686;-0.431841841898859;0.485566104762256
0.198379102163017;0.643664850387722;0.979267326183617;-0.777599587105215
-0.875200490932912;-0.878108073957264;-0.876460615545511;-0.342850509565324
0.0419226456433535;0.535619685426354;0.452811731956899;0.884961805306375
-0.53606138844043;-0.188484220765531;0.561320258304477;-0.407115434296429
0.609646145720035;-0.178346015047282;-0.990184441674501;0.950411520432681
0.412935672793537;-0.618230221327394;0.449641104321927;0.207485611084849
-0.2218062072061;-0.873190351761878;0.696903062984347;-0.324306314345449
0.241989155299962;0.554263467434794;0.496947940904647;0.745607901364565
0.497094526421279;-0.694248246029019;0.204371503088623;-0.147801645565778
0.380856997799128;0.308720300905406;-0.344863513950258;-0.0374033530242741
-0.394153494387865;-0.0221805954352021;-0.651298400014639;0.037799974437803
0.404533884022385;0.514530677348375;0.4112120969221;0.541029283776879
0.132587707601488;0.0775697571225464;-0.854995766188949;0.20413509523496
-0.948358708526939;0.00342805497348309;0.0324046686291695;-0.920325316954404
0.666638131253421;0.982538435608149;-0.534457087051123;-0.27524756686762
-0.660174041986465;0.902867347002029;-0.52570130629465;0.594865583349019
-0.165312813129276;0.881292675621808;0.578738275915384;-0.741769669111818
0.282612225972116;0.211925940588117;0.0887775369919837;-0.142817535903305
0.793739153537899;0.195455944165587;-0.694031515158713;-0.793507679365575
0.00901450775563717;0.248767404817045;0.115340222138911;0.688675956334919
-0.403474628459662;-0.237094262614846;-0.891064299736172;-0.323724419809878
-0.608552336227149;-0.688569466117769;0.041772224009037;0.794296977110207
-0.725759475957602;0.796565578784794;0.409962855745107;0.168900331947953
0.0358374319039285;-0.442921943962574;0.862686654552817;0.432205021847039
0.0974228540435433;0.00533655378967524;0.48142233164981;-0.170123354531825
-0.429344475269318;-0.13850509095937;-0.683472778182477;-0.291693867649883
0.924876819364727;-0.083778384141624;0.422708466649055;-0.721338702365756
0.741471866611391;0.358370682690293;-0.386704316362739;-0.145805338397622
-0.879456628113985;0.948220882564783;-0.591667712666094;-0.741274537984282
0.588892006780952;0.835884992498904;0.292731435503811;-0.867032255511731
0.149619660805911;-0.351177631411701;-0.88472949154675;-0.704970374703407
-0.690222133882344;0.817454773001373;-0.989937053062022;-0.460341547615826
-0.355764866340905;0.848914565052837;0.506285361945629;0.932634199969471
0.0789674613624811;0.521714686881751;-0.0471304128877819;0.554758445359766
-0.70973437000066;-0.025500544346869;0.92496236320585;0.6313810008578
0.175272974651307;0.781428229063749;0.247945096343756;0.6137386825867
-0.607499721925706;0.134591829497367;-0.493944095447659;0.300329593475908
0.520633292850107;-0.111634520348161;0.716542437672615;0.554082547314465
0.404687210917473;0.211993968579918;0.650354075245559;0.984642126597464
-0.432047982234508;0.707338452339172;0.119060372002423;-0.471388377714902
0.451585195958614;0.38366184476763;-0.3353121727705;-0.952742952853441
0.344494579359889;-0.143736247438937;-0.298212066758424;0.797645403072238
0.24047644296661;-0.798926707357168;0.986641556024551;-0.174527883995324
-0.797114334534854;0.259540324099362;-0.0403073709458113;0.673135082237422
-0.296534469351172;-0.350753889419138;-0.391377358231694;0.729143072385341
0.748145020101219;-0.0988073432818055;0.360994805116206;-0.351971799042076
-0.806970234028995;0.701975039206445;0.777554807718843;0.139354286249727
0.637540739495307;-0.871503301896155;0.875549037475139;-0.522077006753534
0.711035310756415;-0.235624619759619;0.482393689919263;-0.769313174765557
0.907921138685197;0.516631931532174;0.328042252454907;0.526397426147014
-0.491003757808357;-0.452063982374966;-0.115356814581901;0.481229453813285
0.484516777098179;-0.596838738769293;0.303413812536746;-0.371074202936143
-0.941284066997468;-0.009154147002846;-0.0788779021240771;-0.11082265432924
0.0122242942452431;-0.528397003654391;0.0294607277028263;-0.619517721235752
-0.966522400733083;0.138718244154006;-0.904302362818271;-0.444555066991597
0.923842888791114;-0.812912184745073;-0.000387751031666994;0.459433866199106
-0.621656622737646;-0.909584114328027;0.256006923504174;0.711756111122668
-0.86472898023203;-0.843685584608465;-0.535037042107433;-0.921767153311521
-0.891723453532904;0.074902527499944;0.814511906821281;-0.252028308343142
-0.134003464598209;-0.826669424772263;0.467453255783767;0.379045671317726
0.152198468334973;0.536872541997582;-0.142765524797142;-0.030089383944869
-0.348186511546373;-0.387780655641109;-0.998598005622625;-0.469597666058689
0.682220870163292;-0.560210356488824;0.719739889260381;-0.45908699510619
0.805812594015151;-0.836709443014115;-0.850083727389574;0.263568208087236
-0.157561544794589;-0.479736243374646;0.040614124853164;0.148318170104176
-0.474461692385375;-0.798052255064249;-0.506685235071927;-0.0206288900226355
0.758141620550305;-0.474322279915214;0.880122816190124;-0.721579890232533
0.615220917388797;-0.0518392245285213;0.117277586832643;0.849834643304348
-0.0723846256732941;0.68724607070908;0.127094408962876;0.883228675462306
-0.570832461584359;0.656276691704988;-0.467739678453654;0.941120744682848
0.365031087771058;0.94826081674546;-0.0997073724865913;-0.554184449836612
0.206636381335557;-0.722467710264027;0.472003531642258;-0.580190229229629
-0.740910077001899;-0.52993588661775;0.00505736004561186;-0.371416392736137
0.317772271111608;0.260187997017056;0.246439915616065;-0.158262852579355
0.482152639422566;0.976433605886996;-0.930793716106564;0.0753378611989319
-0.857977990992367;0.518948870245367;0.18080021161586;0.446669081225991
-0.930534855928272;0.0953816468827426;-0.230927088763565;0.0903270533308387
-0.796462077647448;0.439955808222294;0.0606725937686861;-0.611473345197737
-0.588706542737782;0.585419073700905;-0.956119856797159;0.592850765679032
-0.919098261743784;0.564910177141428;0.676159115508199;-0.235169487074018
0.195099822245538;0.81247664289549;-0.155500392429531;0.378616884816438
-0.922019942197949;-0.00476672919467092;0.0658442159183323;-0.171864658594131
-0.621180588379502;0.922462831716985;-0.242211488075554;-0.967263463884592
0.882591309025884;-0.874023898504674;-0.793235309422016;-0.0770007851533592
0.210726063232869;0.0438103973865509;-0.463650432880968;-0.218965337611735
-0.309130303561687;0.632949291728437;-0.570882174186409;0.91561735002324
-0.19285150244832;-0.105643453076482;0.597140779718757;0.13055352633819
-0.114131626673043;0.898406754247844;0.0367095493711531;-0.971891221124679
-0.444442812819034;0.828234223648906;-0.911705231294036;-0.75527491979301
-0.262398031540215;0.846194238867611;-0.644129455089569;-0.751954008825123
0.307904498651624;-0.66775350086391;-0.448277031071484;0.435924848541617
0.0720021594315767;-0.0402568532153964;0.606679153628647;0.751794960815459
-0.865254861302674;-0.805714083369821;-0.232546394690871;0.0451744981110096
0.593304097652435;0.947978176176548;0.92266700277105;-0.572131445631385
0.961584718897939;-0.406744585838169;0.0775382034480572;-0.934895168524235
0.589540040120482;0.715591875836253;0.132578207179904;0.895877523813397
0.455449403263628;0.594517176039517;-0.0465747243724763;-0.818866213317961
0.855640928260982;0.714987933635712;-0.645485472399741;0.545621851459146
0.0769068510271609;0.146382033359259;0.565807150676847;-0.514497282914817
0.702482017222792;0.807237321976572;0.614511613268405;0.0431918739341199
0.958985965233296;0.596596152987331;0.175600339192897;0.65166489360854
0.439507375005633;0.647070726845413;0.64409879874438;-0.136064426973462
0.514410997275263;0.576908371411264;-0.35925550526008;0.514487052801996
-0.283664433751255;0.323372757527977;-0.303157996851951;-0.557175127789378
-0.200917179230601;-0.296236916910857;0.205132904462516;-0.265828790608793
0.170547756366432;-0.662226151674986;0.785416122991592;0.797709164209664
0.587797983083874;0.88428719015792;-0.262228897307068;0.0708777294494212
0.117738700471818;0.555262697394937;-0.38416121667251;0.807603768538684
0.711982333101332;0.0890967822633684;-0.928577314596623;0.041963036172092
0.0485100653022528;-0.444085065275431;0.740858243312687;-0.378737533930689
-0.536202415823936;0.592701810412109;-0.291258943267167;-0.853936405386776
0.948809386231005;-0.585819856729358;0.0350868129171431;0.68310426780954
-0.260139060672373;-0.385467289015651;0.942920708097517;0.549365464132279
0.371495610103011;0.854234419297427;-0.87059953995049;0.473115184344351
0.443392825312912;0.745857724454254;-0.906518915202469;0.31231441674754
-0.387768561951816;-0.405914021190256;-0.116819075774401;0.705282507929951
0.849220796488225;-0.855396147817373;0.706044625490904;-0.0858498071320355
0.265658369287848;0.0777651509270072;-0.383754089474678;-0.0804252550005913
-0.347911475226283;-0.828076771926135;0.885053050238639;0.620135533157736
0.580145350191742;0.97967270668596;0.341802035924047;0.491884956136346
0.87558246543631;-0.919724025763571;0.147524156607687;-0.892495007719845
-0.346381727140397;-0.697091355454177;0.654708006884903;0.356939900666475
-0.525480418466032;0.614306861069053;0.641419956926256;0.338297074660659
0.701470762025565;-0.895589376799762;0.94046699302271;-0.52171033481136
0.0258684628643095;0.167678460944444;0.551375064067543;-0.175897228531539
-0.563152169808745;-0.684732201043516;-0.88603103114292;0.664631197694689
0.712599576450884;-0.318178471177816;0.514149235095829;-0.890664117410779
0.307607311289757;0.171674982178956;-0.462065055966377;0.489551435690373
0.489303015638143;0.235927714966238;-0.487231001723558;-0.108952133450657
0.182339207734913;0.0319737573154271;0.321299737785012;-0.17227985477075
0.0501938918605447;0.894859264139086;0.195387729909271;0.355694842990488
0.492983009200543;-0.377805870492011;0.975735710002482;0.551515479572117
0.589274371508509;0.212095621507615;0.361579078715295;0.220624608453363
-0.928252038545907;-0.481182965449989;0.822862707544118;-0.0517005831934512
0.700198228470981;-0.190246693324298;0.353688704781234;0.309293426573277
-0.714984296821058;-0.236176885664463;-0.553063831292093;-0.51948354113847
-0.071250309702009;-0.980316319968551;0.582289360929281;0.185065729543567
-0.787132237106562;-0.889623928349465;-0.641634983476251;0.827281729783863
-0.569673261139542;-0.103552144020796;0.214899565558881;-0.008018150459975
0.588250424712896;0.97757072839886;-0.996295170392841;-0.293337082955986
-0.563141143880785;-0.638152213767171;-0.481448973529041;-0.118197202216834
-0.500124732032418;0.0281847836449742;-0.657693929038942;-0.656215549446642
0.464244514703751;-0.199973402544856;0.022485954221338;0.641238115727901
-0.422181508038193;-0.246030705049634;0.218084696214646;0.0694365138188004
-0.237540011759847;0.544348136521876;-0.427561615593731;-0.57635945500806
-0.497729779221117;-0.144860369618982;-0.501543681602925;0.820248875766993
0.387619130779058;-0.247185078915209;0.283967254683375;0.479861706960946
-0.217913178727031;0.795062975492328;0.736427282914519;0.480791389942169
-0.818758743815124;-0.316154525615275;0.381353563629091;0.887324399780482
0.0789417889900506;0.146428329404444;0.422258170321584;-0.518010260537267
0.342145415022969;-0.553686803672463;-0.250919268932194;-0.29048341838643
-0.781602186150849;0.418776502367109;0.877151296008378;0.557729298248887
-0.600142121780664;0.768004314042628;-0.102380730211735;-0.539263464510441
-0.891898231580853;0.00486292969435453;0.982453679665923;-0.149418267421424
-0.793388957623392;0.575939810369164;-0.632976959459484;-0.977719278540462
0.829489192459732;0.975658822339028;-0.603492284659296;-0.117574087809771
0.832557064015418;-0.486866052262485;0.788999600335956;-0.397330546751618
0.868266482837498;-0.599353570491076;0.505820343736559;0.892863656394184
0.823254762217402;-0.183372143190354;0.684500735253096;0.426634388044477
-0.756244014482945;-0.645553649868816;-0.126401062589139;0.476962313521653
0.685206601396203;-0.968758376315236;-0.954821365419775;0.104330371133983
-0.55932966247201;0.374184696003795;-0.781452719587833;0.380393024533987
0.0143190468661487;0.878444444388151;0.392111959401518;-0.186685036402196
0.4856823310256;0.333537663798779;-0.882484825793654;-0.622555688489228
-0.923217759002;0.805984407197684;-0.0623993347398937;0.292131985537708
-0.20756451273337;-0.737955385353416;0.720867952797562;0.219411240424961
0.0939123760908842;0.153026833198965;0.296822591219097;-0.0473035890609026
0.696997589431703;-0.204270686022937;0.383100935257971;-0.792407932691276
-0.386089176870883;0.710190703161061;0.939524233806878;-0.54030242934823
0.716200752183795;0.430506188422441;-0.0966588137671351;0.261060231830925
0.613780335988849;0.428848769515753;0.415475136134773;0.504446221049875
-0.721742839086801;-0.47776298224926;-0.897824306506664;-0.943829973693937
-0.597965667024255;0.312625517137349;-0.123779837042093;-0.935054631438106
-0.574807866942137;0.739336682017893;-0.0260515473783016;0.350684940349311
0.198998963925987;0.914138936437666;-0.915363402571529;-0.711883499287069
-0.226686015725136;-0.966200543567538;0.534214772284031;0.826045530382544
-0.536507177632302;-0.344752973411232;0.462669336237013;-0.266232299152762
-0.748550504911691;0.733738835901022;0.551874144468457;0.237165321595967
-0.161828642711043;0.234488762915134;0.0623277542181313;0.610783430282027
0.784120851196349;-0.930660473182797;0.106901314109564;0.556682913098484
0.960935484617949;0.653032753616571;0.222765033133328;-0.590075066313148
-0.232117716223001;-0.335222223773599;-0.0116332853212953;0.771266700234264
-0.582446326036006;-0.808997080661356;0.584181073121727;0.0651808036491275
0.836976878345013;-0.904149848502129;-0.498830982018262;-0.407105281483382
0.477487484458834;0.197974700015038;-0.340229184366763;-0.324019532650709
0.391484376508743;0.254632032010704;0.920507091097534;-0.478727995418012
-0.372050271369517;0.231960853561759;-0.555774623528123;0.799923519138247
0.568706995341927;0.772073075640947;-0.0114486534148455;0.015326667111367
0.153163268696517;-0.574270695447922;-0.582260123919696;0.452276208437979
-0.269579724408686;0.727385161910206;-0.738058963790536;-0.37125701457262
-0.761903740931302;-0.024945683311671;0.585619498509914;-0.930341651663184
-0.133836242835969;0.227662844117731;-0.985761535353959;-0.295288467779756
-0.634003767278045;-0.394814672414213;0.257313134148717;0.866529618855566
-0.668756203725934;-0.285757467616349;-0.303874949458987;0.184871036559343
0.713907315861434;0.0276027722284198;-0.175947471056134;0.0918022454716265
-0.0427234554663301;0.912281005643308;0.792686542030424;-0.23971905792132
-0.575213921722025;-0.761633925139904;0.438520021736622;-0.167857545893639
-0.495325051713735;0.758916695602238;0.776091307867318;-0.352994868066162
0.116209988947958;0.327061998192221;0.908704691100866;-0.63460247637704
0.191090465988964;0.688785105478019;0.722548728343099;0.38462530169636
-0.028623387683183;0.0422152983956039;-0.390458898153156;0.846422489266843
-0.836137413512915;-0.663447131868452;-0.0674007958732545;-0.669273616746068
0.569940050598234;0.838117485400289;0.925459082238376;-0.411114846356213
0.132517229765654;-0.92522040521726;0.563088327180594;-0.664878414943814
-0.681715741753578;-0.426395570393652;-0.412477646954358;-0.914884701836854
-0.885357274208218;-0.982800876256078;-0.986575455870479;0.431544119492173
0.946178910322487;-0.571600647643209;0.234768179710954;-0.399026325903833
-0.692106438335031;0.519762592855841;-0.954431113786995;0.836299650836736
0.760554530192167;-0.510577199980617;0.747675455641001;0.633110429160297
-0.0555348633788526;0.0402846513316035;-0.703188188839704;-0.409624903462827
-0.301139765884727;0.739962074439973;-0.0230773231014609;0.916634224355221
-0.922584511805326;0.0365763721056283;0.724472131580114;0.0252954391762614
-0.91699187643826;-0.133789240848273;-0.306029975879937;-0.298584165051579
0.367688890080899;0.577355456072837;-0.301341161131859;-0.331049575004727
-0.274755345191807;0.20074629643932;-0.78777121566236;-0.37009194958955
-0.0928243836387992;0.920191924087703;-0.162891489919275;0.656707269139588
0.357373328413814;-0.438865449745208;0.599495650269091;-0.122480395250022
-0.406441108323634;-0.898466150276363;-0.220867275260389;0.877695569302887
-0.567221896257252;0.775110729970038;0.156686299014837;0.090484234970063
-0.517704522702843;0.540733622387052;-0.974347763229162;0.858943938277662
0.232193345669657;-0.145079232286662;-0.860045044217259;-0.218034913763404
-0.0977612277492881;-0.760296983178705;-0.89707250893116;0.696797229815274
0.981993265915662;0.73496627388522;0.212831832002848;0.187575753778219
0.802109985612333;-0.0765952873043716;0.451649150811136;0.762839410919696
0.219316597096622;-0.10679276753217;-0.702844792045653;-0.424853391479701
-0.857483871746808;-0.454851800575852;-0.899375502485782;-0.670613798312843
0.927812079433352;0.342151754070073;-0.999485895968974;0.866400242783129
0.413591028656811;-0.694339233450592;-0.329424490220845;0.391821493394673
-0.822673382703215;-0.101249818690121;0.635730880778283;0.538143715821207
-0.743118694517761;0.426035239826888;-0.512243908364326;0.587142437230796
0.679045175202191;-0.0387392495758832;0.860508730169386;-0.619055748451501
0.970303284469992;0.746160851791501;0.341118231415749;-0.067500805016607
0.317212201654911;-0.731198060791939;0.0690718465484679;-0.884857065044343
-0.66360080614686;-0.588648528791964;-0.389275541994721;-0.469515324570239
-0.453418279532343;-0.682811517268419;-0.740057584829628;0.791644990444183
-0.688130961265415;0.0795590365305543;0.428229591809213;-0.408653338439763
0.305991146247834;-0.435067994520068;0.3895258535631;-0.285585334990174
-0.248725436162204;0.596255122683942;-0.157155860215425;-0.202729051932693
0.255828537046909;0.233915355056524;0.123102638870478;-0.14160981355235
0.725224442780018;0.446752573363483;-0.16550280386582;-0.175710638985038
-0.558133874088526;-0.399723992217332;-0.595701685640961;-0.49572110036388
0.749610658735037;-0.213906773366034;-0.0015121977776289;0.142839052248746
-0.487791665829718;-0.477724145632237;0.705544015858322;0.823842695914209
0.492407173849642;-0.806265278719366;0.523767868522555;-0.00847982242703438
0.121076979208738;-0.186304904520512;-0.387195885181427;0.165023542940617
-0.392885812558234;0.522303160745651;0.690530953463167;-0.764375728555024
0.197584332432598;-0.526091867592186;0.328288196120411;0.254236648790538
-0.991473176050931;0.878618807997555;0.445554804056883;0.537175375036895
0.448005762882531;0.625447118654847;0.648159442469478;0.894282350782305
0.348780494648963;-0.437280070967972;0.866988333873451;0.824563614558429
-0.252715507987887;0.253188019152731;-0.618602043483406;0.222114806063473
-0.34824292268604;0.832362161017954;0.593720028642565;0.259644859936088
0.682020663283765;0.809925260022283;-0.0857478762045503;0.685559515841305
-0.170171720907092;-0.184867928735912;-0.515553904697299;-0.26218006759882
-0.812941194046289;-0.517360373400152;0.058275543153286;0.763083300553262
-0.38551828218624;-0.770253411494195;-0.367484514601529;0.212709588930011
0.356452291831374;0.74393077287823;0.830690168775618;0.492840122431517
0.0119755626656115;0.552238729782403;0.315342865418643;-0.359191017691046
-0.275153817608953;0.890679663512856;0.813140931073576;-0.970613487064838
0.989655436016619;-0.13562009204179;-0.151666639838368;0.829946955665946
0.598050332162529;-0.581726913806051;0.522645738907158;-0.00635696528479457
-0.434050446376204;0.680067273322493;0.694281849544495;-0.173780601471663
-0.499730091542006;0.707519554067403;0.191249477677047;-0.17991253035143
-0.809570463839918;0.468403542414308;0.211940756067634;0.752608815208077
-0.195546447765082;0.991083133034408;0.246606254950166;0.591616069432348
0.311825598590076;0.926232140511274;-0.989989113528281;-0.664527713321149
0.451481652911752;-0.996295171789825;-0.182585186790675;-0.446323568467051
0.738599179778248;0.333221728447825;0.692871633917093;-0.153519914485514
0.351944647263736;-0.977874813601375;0.231879002880305;0.51562998117879
0.739600049797446;-0.134001368656754;-0.489690636750311;-0.341165195219219
-0.858789196237922;-0.891849570441991;0.360317743849009;-0.658761420752853
0.781682284548879;0.0500813773833215;0.0969404014758766;0.54430942190811
-0.36568415351212;0.365995552856475;-0.401963230222464;0.716659906785935
0.869706887751818;-0.202836838085204;-0.78430996928364;0.438747127074748
0.365743624512106;-0.652904375456274;-0.430115748662502;-0.189521894324571
0.452147892676294;0.731554764322937;-0.958382688462734;-0.23246658872813
-0.947192179504782;-0.147945813369006;0.641749246045947;-0.390573396813124
0.318568503018469;0.674193802289665;-0.0649384395219386;-0.0361523260362446
